"","run","seed_percent","number_visits","vis.type"
"1",1,1e-05,11862,"a) visitation rate"
"2",2,1e-05,10942,"a) visitation rate"
"3",3,1e-05,10808,"a) visitation rate"
"4",4,1e-05,14505,"a) visitation rate"
"5",5,1e-05,10816,"a) visitation rate"
"6",6,5e-05,11837,"a) visitation rate"
"7",7,5e-05,12096,"a) visitation rate"
"8",8,5e-05,12915,"a) visitation rate"
"9",9,5e-05,14053,"a) visitation rate"
"10",10,5e-05,11811,"a) visitation rate"
"11",11,1e-04,12331,"a) visitation rate"
"12",12,1e-04,13699,"a) visitation rate"
"13",13,1e-04,12976,"a) visitation rate"
"14",14,1e-04,10271,"a) visitation rate"
"15",15,1e-04,11099,"a) visitation rate"
"16",16,5e-04,14114,"a) visitation rate"
"17",17,5e-04,15903,"a) visitation rate"
"18",18,5e-04,14170,"a) visitation rate"
"19",19,5e-04,16032,"a) visitation rate"
"20",20,5e-04,11660,"a) visitation rate"
"21",21,0.001,11561,"a) visitation rate"
"22",22,0.001,16918,"a) visitation rate"
"23",23,0.001,13503,"a) visitation rate"
"24",24,0.001,13632,"a) visitation rate"
"25",25,0.001,13903,"a) visitation rate"
"26",26,0.005,15816,"a) visitation rate"
"27",27,0.005,17093,"a) visitation rate"
"28",28,0.005,17163,"a) visitation rate"
"29",29,0.005,16241,"a) visitation rate"
"30",30,0.005,14969,"a) visitation rate"
"31",31,0.01,16420,"a) visitation rate"
"32",32,0.01,17002,"a) visitation rate"
"33",33,0.01,18089,"a) visitation rate"
"34",34,0.01,17976,"a) visitation rate"
"35",35,0.01,17868,"a) visitation rate"
"36",36,0.025,17267,"a) visitation rate"
"37",37,0.025,17157,"a) visitation rate"
"38",38,0.025,16734,"a) visitation rate"
"39",39,0.025,16686,"a) visitation rate"
"40",40,0.025,18106,"a) visitation rate"
"41",41,0.05,15400,"a) visitation rate"
"42",42,0.05,17138,"a) visitation rate"
"43",43,0.05,17115,"a) visitation rate"
"44",44,0.05,17447,"a) visitation rate"
"45",45,0.05,16852,"a) visitation rate"
"46",46,0.075,15943,"a) visitation rate"
"47",47,0.075,16762,"a) visitation rate"
"48",48,0.075,18230,"a) visitation rate"
"49",49,0.075,18349,"a) visitation rate"
"50",50,0.075,17056,"a) visitation rate"
"51",51,0.1,16285,"a) visitation rate"
"52",52,0.1,17033,"a) visitation rate"
"53",53,0.1,18028,"a) visitation rate"
"54",54,0.1,17741,"a) visitation rate"
"55",55,0.1,18367,"a) visitation rate"
"56",56,0.25,17204,"a) visitation rate"
"57",57,0.25,17851,"a) visitation rate"
"58",58,0.25,16831,"a) visitation rate"
"59",59,0.25,18347,"a) visitation rate"
"60",60,0.25,17882,"a) visitation rate"
"61",61,0.5,16316,"a) visitation rate"
"62",62,0.5,16842,"a) visitation rate"
"63",63,0.5,16937,"a) visitation rate"
"64",64,0.5,16814,"a) visitation rate"
"65",65,0.5,16387,"a) visitation rate"
"66",66,0.75,16834,"a) visitation rate"
"67",67,0.75,18013,"a) visitation rate"
"68",68,0.75,17305,"a) visitation rate"
"69",69,0.75,18556,"a) visitation rate"
"70",70,0.75,18114,"a) visitation rate"
"71",71,1,17336,"a) visitation rate"
"72",72,1,16924,"a) visitation rate"
"73",73,1,17564,"a) visitation rate"
"74",74,1,17994,"a) visitation rate"
"75",75,1,18386,"a) visitation rate"
"76",1,1e-05,10489,"b) consecutive vis"
"77",2,1e-05,9512,"b) consecutive vis"
"78",3,1e-05,9325,"b) consecutive vis"
"79",4,1e-05,12793,"b) consecutive vis"
"80",5,1e-05,9300,"b) consecutive vis"
"81",6,5e-05,10336,"b) consecutive vis"
"82",7,5e-05,10669,"b) consecutive vis"
"83",8,5e-05,11017,"b) consecutive vis"
"84",9,5e-05,12268,"b) consecutive vis"
"85",10,5e-05,10246,"b) consecutive vis"
"86",11,1e-04,10425,"b) consecutive vis"
"87",12,1e-04,11236,"b) consecutive vis"
"88",13,1e-04,10842,"b) consecutive vis"
"89",14,1e-04,8485,"b) consecutive vis"
"90",15,1e-04,9394,"b) consecutive vis"
"91",16,5e-04,11184,"b) consecutive vis"
"92",17,5e-04,11577,"b) consecutive vis"
"93",18,5e-04,11354,"b) consecutive vis"
"94",19,5e-04,11696,"b) consecutive vis"
"95",20,5e-04,9442,"b) consecutive vis"
"96",21,0.001,9642,"b) consecutive vis"
"97",22,0.001,12648,"b) consecutive vis"
"98",23,0.001,10048,"b) consecutive vis"
"99",24,0.001,9743,"b) consecutive vis"
"100",25,0.001,9747,"b) consecutive vis"
"101",26,0.005,11948,"b) consecutive vis"
"102",27,0.005,9463,"b) consecutive vis"
"103",28,0.005,9452,"b) consecutive vis"
"104",29,0.005,9325,"b) consecutive vis"
"105",30,0.005,9903,"b) consecutive vis"
"106",31,0.01,9180,"b) consecutive vis"
"107",32,0.01,7730,"b) consecutive vis"
"108",33,0.01,9734,"b) consecutive vis"
"109",34,0.01,10405,"b) consecutive vis"
"110",35,0.01,9601,"b) consecutive vis"
"111",36,0.025,6929,"b) consecutive vis"
"112",37,0.025,6864,"b) consecutive vis"
"113",38,0.025,6765,"b) consecutive vis"
"114",39,0.025,7364,"b) consecutive vis"
"115",40,0.025,7521,"b) consecutive vis"
"116",41,0.05,7467,"b) consecutive vis"
"117",42,0.05,7852,"b) consecutive vis"
"118",43,0.05,8155,"b) consecutive vis"
"119",44,0.05,7137,"b) consecutive vis"
"120",45,0.05,8158,"b) consecutive vis"
"121",46,0.075,9121,"b) consecutive vis"
"122",47,0.075,6240,"b) consecutive vis"
"123",48,0.075,8913,"b) consecutive vis"
"124",49,0.075,6659,"b) consecutive vis"
"125",50,0.075,6873,"b) consecutive vis"
"126",51,0.1,6979,"b) consecutive vis"
"127",52,0.1,6891,"b) consecutive vis"
"128",53,0.1,8374,"b) consecutive vis"
"129",54,0.1,6049,"b) consecutive vis"
"130",55,0.1,7529,"b) consecutive vis"
"131",56,0.25,5434,"b) consecutive vis"
"132",57,0.25,6651,"b) consecutive vis"
"133",58,0.25,6383,"b) consecutive vis"
"134",59,0.25,7075,"b) consecutive vis"
"135",60,0.25,5745,"b) consecutive vis"
"136",61,0.5,10997,"b) consecutive vis"
"137",62,0.5,8884,"b) consecutive vis"
"138",63,0.5,6478,"b) consecutive vis"
"139",64,0.5,6266,"b) consecutive vis"
"140",65,0.5,7491,"b) consecutive vis"
"141",66,0.75,5349,"b) consecutive vis"
"142",67,0.75,6064,"b) consecutive vis"
"143",68,0.75,5566,"b) consecutive vis"
"144",69,0.75,6307,"b) consecutive vis"
"145",70,0.75,5694,"b) consecutive vis"
"146",71,1,5521,"b) consecutive vis"
"147",72,1,5713,"b) consecutive vis"
"148",73,1,6237,"b) consecutive vis"
"149",74,1,11652,"b) consecutive vis"
"150",75,1,6560,"b) consecutive vis"
"151",1,1e-05,1182.15884572329,"geo decay 0.9"
"152",2,1e-05,1155.81773545152,"geo decay 0.9"
"153",3,1e-05,1214.52978852971,"geo decay 0.9"
"154",4,1e-05,1139.13604521392,"geo decay 0.9"
"155",5,1e-05,1116.05600976471,"geo decay 0.9"
"156",6,5e-05,1272.61029324301,"geo decay 0.9"
"157",7,5e-05,1068.66895156355,"geo decay 0.9"
"158",8,5e-05,908.752179932512,"geo decay 0.9"
"159",9,5e-05,1015.7561561624,"geo decay 0.9"
"160",10,5e-05,1129.26113442544,"geo decay 0.9"
"161",11,1e-04,1183.27778516474,"geo decay 0.9"
"162",12,1e-04,909.113833458067,"geo decay 0.9"
"163",13,1e-04,1230.08131283928,"geo decay 0.9"
"164",14,1e-04,1232.42105393777,"geo decay 0.9"
"165",15,1e-04,1283.4494592009,"geo decay 0.9"
"166",16,5e-04,1163.13487282005,"geo decay 0.9"
"167",17,5e-04,1270.88023132498,"geo decay 0.9"
"168",18,5e-04,1106.09387936157,"geo decay 0.9"
"169",19,5e-04,1176.36474483172,"geo decay 0.9"
"170",20,5e-04,1180.59700668913,"geo decay 0.9"
"171",21,0.001,1167.25863904082,"geo decay 0.9"
"172",22,0.001,1135.80071915906,"geo decay 0.9"
"173",23,0.001,1185.79272417338,"geo decay 0.9"
"174",24,0.001,1144.40770461625,"geo decay 0.9"
"175",25,0.001,1157.37725459787,"geo decay 0.9"
"176",26,0.005,951.557321967372,"geo decay 0.9"
"177",27,0.005,906.242021748101,"geo decay 0.9"
"178",28,0.005,1163.63526718121,"geo decay 0.9"
"179",29,0.005,1069.79863009719,"geo decay 0.9"
"180",30,0.005,1059.5381881206,"geo decay 0.9"
"181",31,0.01,930.000396061533,"geo decay 0.9"
"182",32,0.01,885.345916325367,"geo decay 0.9"
"183",33,0.01,909.1248243492,"geo decay 0.9"
"184",34,0.01,961.024636034977,"geo decay 0.9"
"185",35,0.01,999.906287555355,"geo decay 0.9"
"186",36,0.05,758.071202007696,"geo decay 0.9"
"187",37,0.05,727.631425737438,"geo decay 0.9"
"188",38,0.05,871.723271272659,"geo decay 0.9"
"189",39,0.05,728.661400771436,"geo decay 0.9"
"190",40,0.05,880.662397305147,"geo decay 0.9"
"191",41,0.1,884.237951165281,"geo decay 0.9"
"192",42,0.1,761.484456532932,"geo decay 0.9"
"193",43,0.1,692.562564475483,"geo decay 0.9"
"194",44,0.1,650.313229804645,"geo decay 0.9"
"195",45,0.1,713.309582852863,"geo decay 0.9"
"196",46,0.5,785.428719465746,"geo decay 0.9"
"197",47,0.5,718.658462095583,"geo decay 0.9"
"198",48,0.5,722.44201128448,"geo decay 0.9"
"199",49,0.5,611.500726235509,"geo decay 0.9"
"200",50,0.5,641.167931047118,"geo decay 0.9"
"201",51,1,682.368221455245,"geo decay 0.9"
"202",52,1,643.756981033334,"geo decay 0.9"
"203",53,1,623.073201871027,"geo decay 0.9"
"204",54,1,551.226068787564,"geo decay 0.9"
"205",55,1,703.371640038319,"geo decay 0.9"
"206",1,1e-05,3725.8333836834,"geo decay 0.7"
"207",2,1e-05,3728.41633845306,"geo decay 0.7"
"208",3,1e-05,3894.09544885063,"geo decay 0.7"
"209",4,1e-05,3592.27174186184,"geo decay 0.7"
"210",5,1e-05,3614.31918131751,"geo decay 0.7"
"211",6,5e-05,4035.36964054764,"geo decay 0.7"
"212",7,5e-05,3370.03322715243,"geo decay 0.7"
"213",8,5e-05,2981.10595437901,"geo decay 0.7"
"214",9,5e-05,3271.51041474639,"geo decay 0.7"
"215",10,5e-05,3600.03692071669,"geo decay 0.7"
"216",11,1e-04,3793.70590614552,"geo decay 0.7"
"217",12,1e-04,2830.41717119474,"geo decay 0.7"
"218",13,1e-04,3934.39465636455,"geo decay 0.7"
"219",14,1e-04,3950.96958184695,"geo decay 0.7"
"220",15,1e-04,4125.5431905472,"geo decay 0.7"
"221",16,5e-04,3721.6947055309,"geo decay 0.7"
"222",17,5e-04,3989.2742705507,"geo decay 0.7"
"223",18,5e-04,3516.59671977053,"geo decay 0.7"
"224",19,5e-04,3713.629680689,"geo decay 0.7"
"225",20,5e-04,3669.4753727164,"geo decay 0.7"
"226",21,0.001,3636.89897579202,"geo decay 0.7"
"227",22,0.001,3619.11323551159,"geo decay 0.7"
"228",23,0.001,3674.73691180067,"geo decay 0.7"
"229",24,0.001,3708.38191533176,"geo decay 0.7"
"230",25,0.001,3621.18319528682,"geo decay 0.7"
"231",26,0.005,2888.41990321013,"geo decay 0.7"
"232",27,0.005,2890.05984151483,"geo decay 0.7"
"233",28,0.005,3717.76432864677,"geo decay 0.7"
"234",29,0.005,3387.04180062041,"geo decay 0.7"
"235",30,0.005,3307.72122157987,"geo decay 0.7"
"236",31,0.01,2923.25862506234,"geo decay 0.7"
"237",32,0.01,2843.06766059959,"geo decay 0.7"
"238",33,0.01,2925.83319493761,"geo decay 0.7"
"239",34,0.01,3016.47238280361,"geo decay 0.7"
"240",35,0.01,3256.05297265879,"geo decay 0.7"
"241",36,0.05,2518.07015853376,"geo decay 0.7"
"242",37,0.05,2393.66811300173,"geo decay 0.7"
"243",38,0.05,2802.54162124705,"geo decay 0.7"
"244",39,0.05,2442.93918169272,"geo decay 0.7"
"245",40,0.05,2908.55096980998,"geo decay 0.7"
"246",41,0.1,2917.07211979099,"geo decay 0.7"
"247",42,0.1,2550.72291880174,"geo decay 0.7"
"248",43,0.1,2323.93548848334,"geo decay 0.7"
"249",44,0.1,2155.237943466,"geo decay 0.7"
"250",45,0.1,2372.76814056945,"geo decay 0.7"
"251",46,0.5,2649.35133766859,"geo decay 0.7"
"252",47,0.5,2434.00662664531,"geo decay 0.7"
"253",48,0.5,2385.85901080529,"geo decay 0.7"
"254",49,0.5,2122.15615235922,"geo decay 0.7"
"255",50,0.5,2213.07735237465,"geo decay 0.7"
"256",51,1,2310.55932764637,"geo decay 0.7"
"257",52,1,2200.19711584699,"geo decay 0.7"
"258",53,1,2134.06543792559,"geo decay 0.7"
"259",54,1,1880.68316703037,"geo decay 0.7"
"260",55,1,2427.16716426867,"geo decay 0.7"
"261",1,1e-05,6216.82551617494,"geo decay 0.5"
"262",2,1e-05,6307.44108160006,"geo decay 0.5"
"263",3,1e-05,6557.20215704544,"geo decay 0.5"
"264",4,1e-05,5977.5053651376,"geo decay 0.5"
"265",5,1e-05,6126.14064561035,"geo decay 0.5"
"266",6,5e-05,6736.78030230075,"geo decay 0.5"
"267",7,5e-05,5614.54539440433,"geo decay 0.5"
"268",8,5e-05,5164.51291505795,"geo decay 0.5"
"269",9,5e-05,5534.85688991593,"geo decay 0.5"
"270",10,5e-05,6021.53794822301,"geo decay 0.5"
"271",11,1e-04,6406.0237515579,"geo decay 0.5"
"272",12,1e-04,4681.46503388326,"geo decay 0.5"
"273",13,1e-04,6621.81132271132,"geo decay 0.5"
"274",14,1e-04,6658.90189609125,"geo decay 0.5"
"275",15,1e-04,6976.92401413826,"geo decay 0.5"
"276",16,5e-04,6268.55668009534,"geo decay 0.5"
"277",17,5e-04,6650.45792565592,"geo decay 0.5"
"278",18,5e-04,5919.29770388215,"geo decay 0.5"
"279",19,5e-04,6263.71867801146,"geo decay 0.5"
"280",20,5e-04,6082.37447459014,"geo decay 0.5"
"281",21,0.001,6034.26951729308,"geo decay 0.5"
"282",22,0.001,6167.67131708555,"geo decay 0.5"
"283",23,0.001,6149.10000654124,"geo decay 0.5"
"284",24,0.001,6368.42264972208,"geo decay 0.5"
"285",25,0.001,6140.47848950746,"geo decay 0.5"
"286",26,0.005,4804.45894656767,"geo decay 0.5"
"287",27,0.005,5042.11026786417,"geo decay 0.5"
"288",28,0.005,6448.07330268205,"geo decay 0.5"
"289",29,0.005,5835.00317686255,"geo decay 0.5"
"290",30,0.005,5627.21517333745,"geo decay 0.5"
"291",31,0.01,5063.91515133252,"geo decay 0.5"
"292",32,0.01,5059.99251109423,"geo decay 0.5"
"293",33,0.01,5202.79564632275,"geo decay 0.5"
"294",34,0.01,5221.46106375048,"geo decay 0.5"
"295",35,0.01,5813.20746852733,"geo decay 0.5"
"296",36,0.05,4685.93983457671,"geo decay 0.5"
"297",37,0.05,4411.58581785342,"geo decay 0.5"
"298",38,0.05,5045.31083930062,"geo decay 0.5"
"299",39,0.05,4630.22207967725,"geo decay 0.5"
"300",40,0.05,5313.6480817572,"geo decay 0.5"
"301",41,0.1,5351.45849057394,"geo decay 0.5"
"302",42,0.1,4766.19156350164,"geo decay 0.5"
"303",43,0.1,4420.41571992293,"geo decay 0.5"
"304",44,0.1,4033.72079874038,"geo decay 0.5"
"305",45,0.1,4409.1730293651,"geo decay 0.5"
"306",46,0.5,5000.21433005098,"geo decay 0.5"
"307",47,0.5,4646.00257321112,"geo decay 0.5"
"308",48,0.5,4370.34343225728,"geo decay 0.5"
"309",49,0.5,4200.4796443779,"geo decay 0.5"
"310",50,0.5,4334.74308728034,"geo decay 0.5"
"311",51,1,4388.56197808614,"geo decay 0.5"
"312",52,1,4234.81349544678,"geo decay 0.5"
"313",53,1,4116.36100537351,"geo decay 0.5"
"314",54,1,3644.66805577901,"geo decay 0.5"
"315",55,1,4734.87708537334,"geo decay 0.5"
"316",1,1e-05,7269.35967592315,"geo decay 0.4"
"317",2,1e-05,7404.99109579495,"geo decay 0.4"
"318",3,1e-05,7689.35238026715,"geo decay 0.4"
"319",4,1e-05,6983.72536139137,"geo decay 0.4"
"320",5,1e-05,7188.63201414222,"geo decay 0.4"
"321",6,5e-05,7878.2180867642,"geo decay 0.4"
"322",7,5e-05,6564.2455327148,"geo decay 0.4"
"323",8,5e-05,6154.49347843193,"geo decay 0.4"
"324",9,5e-05,6503.49274160317,"geo decay 0.4"
"325",10,5e-05,7042.41711401771,"geo decay 0.4"
"326",11,1e-04,7538.74791772912,"geo decay 0.4"
"327",12,1e-04,5469.9702491613,"geo decay 0.4"
"328",13,1e-04,7773.6265687276,"geo decay 0.4"
"329",14,1e-04,7819.13364088373,"geo decay 0.4"
"330",15,1e-04,8198.61560424921,"geo decay 0.4"
"331",16,5e-04,7369.10339325975,"geo decay 0.4"
"332",17,5e-04,7803.32257687493,"geo decay 0.4"
"333",18,5e-04,6979.6472365487,"geo decay 0.4"
"334",19,5e-04,7436.42186242824,"geo decay 0.4"
"335",20,5e-04,7138.98211747347,"geo decay 0.4"
"336",21,0.001,7091.28659797596,"geo decay 0.4"
"337",22,0.001,7365.6674231643,"geo decay 0.4"
"338",23,0.001,7315.43207642513,"geo decay 0.4"
"339",24,0.001,7585.12679243586,"geo decay 0.4"
"340",25,0.001,7359.91220084351,"geo decay 0.4"
"341",26,0.005,5734.59322049195,"geo decay 0.4"
"342",27,0.005,6175.50974038237,"geo decay 0.4"
"343",28,0.005,7833.82956788773,"geo decay 0.4"
"344",29,0.005,7078.13108165202,"geo decay 0.4"
"345",30,0.005,6787.81350955426,"geo decay 0.4"
"346",31,0.01,6196.2233922905,"geo decay 0.4"
"347",32,0.01,6308.72839197903,"geo decay 0.4"
"348",33,0.01,6461.5933934456,"geo decay 0.4"
"349",34,0.01,6382.8992940819,"geo decay 0.4"
"350",35,0.01,7211.99096342048,"geo decay 0.4"
"351",36,0.05,5991.8285448942,"geo decay 0.4"
"352",37,0.05,5613.28073258141,"geo decay 0.4"
"353",38,0.05,6309.66206468826,"geo decay 0.4"
"354",39,0.05,6008.73551630058,"geo decay 0.4"
"355",40,0.05,6688.68932111864,"geo decay 0.4"
"356",41,0.1,6751.1795297125,"geo decay 0.4"
"357",42,0.1,6084.17168517975,"geo decay 0.4"
"358",43,0.1,5750.32999094358,"geo decay 0.4"
"359",44,0.1,5187.1491094719,"geo decay 0.4"
"360",45,0.1,5616.06615826655,"geo decay 0.4"
"361",46,0.5,6402.47034295091,"geo decay 0.4"
"362",47,0.5,6022.69972448862,"geo decay 0.4"
"363",48,0.5,5502.85257223401,"geo decay 0.4"
"364",49,0.5,5581.13092065766,"geo decay 0.4"
"365",50,0.5,5713.56333505792,"geo decay 0.4"
"366",51,1,5650.03830344942,"geo decay 0.4"
"367",52,1,5507.80556828447,"geo decay 0.4"
"368",53,1,5357.02204519233,"geo decay 0.4"
"369",54,1,4778.53248857225,"geo decay 0.4"
"370",55,1,6211.11657920848,"geo decay 0.4"
"371",1,1e-05,8072.0101778218,"geo decay 0.3"
"372",2,1e-05,8242.37708584666,"geo decay 0.3"
"373",3,1e-05,8556.58417346472,"geo decay 0.3"
"374",4,1e-05,7754.6205677891,"geo decay 0.3"
"375",5,1e-05,7985.44602412626,"geo decay 0.3"
"376",6,5e-05,8753.91067171493,"geo decay 0.3"
"377",7,5e-05,7294.41695383695,"geo decay 0.3"
"378",8,5e-05,6973.7874975256,"geo decay 0.3"
"379",9,5e-05,7251.52394215749,"geo decay 0.3"
"380",10,5e-05,7826.8967115377,"geo decay 0.3"
"381",11,1e-04,8442.34477314616,"geo decay 0.3"
"382",12,1e-04,6084.76452748781,"geo decay 0.3"
"383",13,1e-04,8673.2850955111,"geo decay 0.3"
"384",14,1e-04,8723.15217422258,"geo decay 0.3"
"385",15,1e-04,9139.86375387833,"geo decay 0.3"
"386",16,5e-04,8241.41317927566,"geo decay 0.3"
"387",17,5e-04,8731.06384953903,"geo decay 0.3"
"388",18,5e-04,7854.5753572965,"geo decay 0.3"
"389",19,5e-04,8475.75442716215,"geo decay 0.3"
"390",20,5e-04,8018.53628821739,"geo decay 0.3"
"391",21,0.001,7982.21525599354,"geo decay 0.3"
"392",22,0.001,8447.10749419783,"geo decay 0.3"
"393",23,0.001,8399.30477518025,"geo decay 0.3"
"394",24,0.001,8617.82642442585,"geo decay 0.3"
"395",25,0.001,8521.58561044045,"geo decay 0.3"
"396",26,0.005,6640.35589054718,"geo decay 0.3"
"397",27,0.005,7356.5131312001,"geo decay 0.3"
"398",28,0.005,9205.39741433835,"geo decay 0.3"
"399",29,0.005,8328.252914926,"geo decay 0.3"
"400",30,0.005,7933.76867767875,"geo decay 0.3"
"401",31,0.01,7379.59281487083,"geo decay 0.3"
"402",32,0.01,7698.01875441616,"geo decay 0.3"
"403",33,0.01,7824.91564516781,"geo decay 0.3"
"404",34,0.01,7578.32670215398,"geo decay 0.3"
"405",35,0.01,8713.89967130493,"geo decay 0.3"
"406",36,0.05,7504.95371245125,"geo decay 0.3"
"407",37,0.05,6994.80672100145,"geo decay 0.3"
"408",38,0.05,7668.60434111319,"geo decay 0.3"
"409",39,0.05,7680.73036242426,"geo decay 0.3"
"410",40,0.05,8199.80829328015,"geo decay 0.3"
"411",41,0.1,8274.97657283872,"geo decay 0.3"
"412",42,0.1,7568.79681162753,"geo decay 0.3"
"413",43,0.1,7370.16357042356,"geo decay 0.3"
"414",44,0.1,6542.39819487485,"geo decay 0.3"
"415",45,0.1,6980.05425619458,"geo decay 0.3"
"416",46,0.5,7951.20701235269,"geo decay 0.3"
"417",47,0.5,7636.99739023439,"geo decay 0.3"
"418",48,0.5,6730.37838650065,"geo decay 0.3"
"419",49,0.5,7304.13430303554,"geo decay 0.3"
"420",50,0.5,7394.33244528172,"geo decay 0.3"
"421",51,1,7081.77764561164,"geo decay 0.3"
"422",52,1,7003.54810896088,"geo decay 0.3"
"423",53,1,6810.89848177046,"geo decay 0.3"
"424",54,1,6154.49891697543,"geo decay 0.3"
"425",55,1,7979.7336264036,"geo decay 0.3"
"426",1,1e-05,8589.29047967608,"geo decay 0.2"
"427",2,1e-05,8781.99480936717,"geo decay 0.2"
"428",3,1e-05,9118.12734863426,"geo decay 0.2"
"429",4,1e-05,8260.99194103803,"geo decay 0.2"
"430",5,1e-05,8477.80912823582,"geo decay 0.2"
"431",6,5e-05,9324.44318935835,"geo decay 0.2"
"432",7,5e-05,7773.42062950958,"geo decay 0.2"
"433",8,5e-05,7588.64141957547,"geo decay 0.2"
"434",9,5e-05,7751.15171360528,"geo decay 0.2"
"435",10,5e-05,8348.70701835272,"geo decay 0.2"
"436",11,1e-04,9084.83346083815,"geo decay 0.2"
"437",12,1e-04,6497.53411866352,"geo decay 0.2"
"438",13,1e-04,9283.73751309557,"geo decay 0.2"
"439",14,1e-04,9327.11819612617,"geo decay 0.2"
"440",15,1e-04,9757.59126520932,"geo decay 0.2"
"441",16,5e-04,8839.96031850151,"geo decay 0.2"
"442",17,5e-04,9396.45908498467,"geo decay 0.2"
"443",18,5e-04,8507.17547321292,"geo decay 0.2"
"444",19,5e-04,9363.47309645908,"geo decay 0.2"
"445",20,5e-04,8696.73933136129,"geo decay 0.2"
"446",21,0.001,8678.67770133391,"geo decay 0.2"
"447",22,0.001,9378.20750916511,"geo decay 0.2"
"448",23,0.001,9391.88405399309,"geo decay 0.2"
"449",24,0.001,9400.30197379021,"geo decay 0.2"
"450",25,0.001,9630.14978358272,"geo decay 0.2"
"451",26,0.005,7529.79611858178,"geo decay 0.2"
"452",27,0.005,8601.29141072092,"geo decay 0.2"
"453",28,0.005,10527.3882788929,"geo decay 0.2"
"454",29,0.005,9594.87310785624,"geo decay 0.2"
"455",30,0.005,9036.05951145331,"geo decay 0.2"
"456",31,0.01,8615.08923877582,"geo decay 0.2"
"457",32,0.01,9259.69420935095,"geo decay 0.2"
"458",33,0.01,9297.87737520946,"geo decay 0.2"
"459",34,0.01,8768.11752433771,"geo decay 0.2"
"460",35,0.01,10346.3480491283,"geo decay 0.2"
"461",36,0.05,9261.92979181495,"geo decay 0.2"
"462",37,0.05,8582.84896573697,"geo decay 0.2"
"463",38,0.05,9065.70833529273,"geo decay 0.2"
"464",39,0.05,9740.27328190999,"geo decay 0.2"
"465",40,0.05,9823.41482047619,"geo decay 0.2"
"466",41,0.1,9855.31045617198,"geo decay 0.2"
"467",42,0.1,9187.3980809585,"geo decay 0.2"
"468",43,0.1,9376.22748420539,"geo decay 0.2"
"469",44,0.1,8124.52161753725,"geo decay 0.2"
"470",45,0.1,8488.66054355238,"geo decay 0.2"
"471",46,0.5,9543.49408066455,"geo decay 0.2"
"472",47,0.5,9487.06493750241,"geo decay 0.2"
"473",48,0.5,8014.71968717315,"geo decay 0.2"
"474",49,0.5,9463.14470609219,"geo decay 0.2"
"475",50,0.5,9425.8044077642,"geo decay 0.2"
"476",51,1,8643.79100783048,"geo decay 0.2"
"477",52,1,8726.10747044723,"geo decay 0.2"
"478",53,1,8474.87904736022,"geo decay 0.2"
"479",54,1,7825.63170380072,"geo decay 0.2"
"480",55,1,10068.9423944915,"geo decay 0.2"
"481",1,1e-05,8937.54738632409,"geo decay 0.1"
"482",2,1e-05,9165.83666505216,"geo decay 0.1"
"483",3,1e-05,9516.7241101368,"geo decay 0.1"
"484",4,1e-05,8641.41063315988,"geo decay 0.1"
"485",5,1e-05,8806.98589358758,"geo decay 0.1"
"486",6,5e-05,9721.89770388717,"geo decay 0.1"
"487",7,5e-05,8107.63883390321,"geo decay 0.1"
"488",8,5e-05,8082.66939432535,"geo decay 0.1"
"489",9,5e-05,8126.15403600692,"geo decay 0.1"
"490",10,5e-05,8736.32496662582,"geo decay 0.1"
"491",11,1e-04,9566.9506969774,"geo decay 0.1"
"492",12,1e-04,6790.80769427913,"geo decay 0.1"
"493",13,1e-04,9726.05089604165,"geo decay 0.1"
"494",14,1e-04,9721.92677304347,"geo decay 0.1"
"495",15,1e-04,10193.4379638837,"geo decay 0.1"
"496",16,5e-04,9236.41520694247,"geo decay 0.1"
"497",17,5e-04,9883.16450876324,"geo decay 0.1"
"498",18,5e-04,8990.92693716351,"geo decay 0.1"
"499",19,5e-04,10125.3980520853,"geo decay 0.1"
"500",20,5e-04,9223.35755498321,"geo decay 0.1"
"501",21,0.001,9197.43399157694,"geo decay 0.1"
"502",22,0.001,10139.6226500861,"geo decay 0.1"
"503",23,0.001,10300.1838878593,"geo decay 0.1"
"504",24,0.001,9932.91973942845,"geo decay 0.1"
"505",25,0.001,10711.1229288255,"geo decay 0.1"
"506",26,0.005,8367.24210799396,"geo decay 0.1"
"507",27,0.005,9847.05222838927,"geo decay 0.1"
"508",28,0.005,11654.3441178428,"geo decay 0.1"
"509",29,0.005,10826.959723897,"geo decay 0.1"
"510",30,0.005,9970.00504454147,"geo decay 0.1"
"511",31,0.01,9816.04527489561,"geo decay 0.1"
"512",32,0.01,10842.9315975096,"geo decay 0.1"
"513",33,0.01,10698.5849858647,"geo decay 0.1"
"514",34,0.01,9782.82874428052,"geo decay 0.1"
"515",35,0.01,12019.6408649303,"geo decay 0.1"
"516",36,0.05,11092.9913919995,"geo decay 0.1"
"517",37,0.05,10195.517199549,"geo decay 0.1"
"518",38,0.05,10244.3358524749,"geo decay 0.1"
"519",39,0.05,12048.4506387369,"geo decay 0.1"
"520",40,0.05,11303.2643036929,"geo decay 0.1"
"521",41,0.1,11198.4769508931,"geo decay 0.1"
"522",42,0.1,10675.5069580841,"geo decay 0.1"
"523",43,0.1,11636.7452139699,"geo decay 0.1"
"524",44,0.1,9725.22149225153,"geo decay 0.1"
"525",45,0.1,9911.98559396679,"geo decay 0.1"
"526",46,0.5,10794.1626144607,"geo decay 0.1"
"527",47,0.5,11291.3521911016,"geo decay 0.1"
"528",48,0.5,9225.80281269676,"geo decay 0.1"
"529",49,0.5,11875.3230758304,"geo decay 0.1"
"530",50,0.5,11538.1766942458,"geo decay 0.1"
"531",51,1,10040.8618777083,"geo decay 0.1"
"532",52,1,10403.1591460901,"geo decay 0.1"
"533",53,1,10111.463675105,"geo decay 0.1"
"534",54,1,9637.36564037983,"geo decay 0.1"
"535",55,1,12189.5287738962,"geo decay 0.1"
